event_id,timestamp,event_type,source_ip,username,session_id,status,http_status,user_agent,resource,filename,file_ext,file_size,mime_type,sha256
5da65111352f50e3834d0bc828e87608,"2026-05-10 13:00:36",AUTH,192.168.56.11,student,,FAILED,401,"Mozilla/5.0 (X11; Linux x86_64; rv:140.0) Gecko/20100101 Firefox/140.0",/login,,,0,,
af8e388f5b415b81e1009657a3030684,"2026-05-10 13:00:41",AUTH,192.168.56.11,admin,,FAILED,401,"Mozilla/5.0 (X11; Linux x86_64; rv:140.0) Gecko/20100101 Firefox/140.0",/login,,,0,,
bf0c78d007b489100cf7fbdc1c861b5c,"2026-05-10 13:00:53",AUTH,192.168.56.11,student,1562ce6160292b48d3d5f34417ee3602,SUCCESS,200,"Mozilla/5.0 (X11; Linux x86_64; rv:140.0) Gecko/20100101 Firefox/140.0",/login,,,0,,
3cce7bf17005919906e256efaa6445aa,"2026-05-10 13:03:07",AUTH,192.168.56.11,Admin,,FAILED,401,"Mozilla/5.0 (Hydra)",/login,,,0,,
a351787581375b2f1c5ac151bdb0ebde,"2026-05-10 13:03:07",AUTH,192.168.56.11,Admin,,FAILED,401,"Mozilla/5.0 (Hydra)",/login,,,0,,
9a39e8f63d945a87f110519e0cad6aba,"2026-05-10 13:03:07",AUTH,192.168.56.11,Admin,,FAILED,401,"Mozilla/5.0 (Hydra)",/login,,,0,,
eba2a0a4ae7a92495aa9c34b804bd4a2,"2026-05-10 13:03:07",AUTH,192.168.56.11,Admin,,FAILED,401,"Mozilla/5.0 (Hydra)",/login,,,0,,
658b8a09f0f81fa2664ec9ee80b4fd3a,"2026-05-10 13:03:07",AUTH,192.168.56.11,Admin,,FAILED,401,"Mozilla/5.0 (Hydra)",/login,,,0,,
90d4817537c97bd917d116ae54d103f1,"2026-05-10 13:03:07",AUTH,192.168.56.11,Admin,,FAILED,401,"Mozilla/5.0 (Hydra)",/login,,,0,,
bb80b214cd50d89e2f137dd3591c2119,"2026-05-10 13:03:07",AUTH,192.168.56.11,Admin,,FAILED,401,"Mozilla/5.0 (Hydra)",/login,,,0,,
13ae233e7d5b365748c4add763c47be0,"2026-05-10 13:03:07",AUTH,192.168.56.11,Admin,,FAILED,401,"Mozilla/5.0 (Hydra)",/login,,,0,,
e3bfcb81970ff78e7567785ec8609db9,"2026-05-10 13:03:07",AUTH,192.168.56.11,Admin,,FAILED,401,"Mozilla/5.0 (Hydra)",/login,,,0,,
db97471a955861a3961ca17cda6b29dd,"2026-05-10 13:03:07",AUTH,192.168.56.11,Admin,,FAILED,401,"Mozilla/5.0 (Hydra)",/login,,,0,,
5241cb2ea407ce226e154a45b102265b,"2026-05-10 13:03:07",AUTH,192.168.56.11,Admin,,FAILED,401,"Mozilla/5.0 (Hydra)",/login,,,0,,
0aa7e6207f8144a8930a4a898eac0f02,"2026-05-10 13:03:07",AUTH,192.168.56.11,Admin,,FAILED,401,"Mozilla/5.0 (Hydra)",/login,,,0,,
c23b1644540ab8fe8501f80a1f701475,"2026-05-10 13:03:07",AUTH,192.168.56.11,Admin,,FAILED,401,"Mozilla/5.0 (Hydra)",/login,,,0,,
bab50a354cb10a1a99ab92666e68c7da,"2026-05-10 13:03:07",AUTH,192.168.56.11,Admin,,FAILED,401,"Mozilla/5.0 (Hydra)",/login,,,0,,
0936ac8ebcff01bcd5452b5e37631dae,"2026-05-10 13:03:07",AUTH,192.168.56.11,Admin,,FAILED,401,"Mozilla/5.0 (Hydra)",/login,,,0,,
839650a1210d82b92dcd0a991a4f5137,"2026-05-10 13:03:07",AUTH,192.168.56.11,Admin,,FAILED,401,"Mozilla/5.0 (Hydra)",/login,,,0,,
a905f9da0e6df5305fe0ae3eb1a525bf,"2026-05-10 13:03:07",AUTH,192.168.56.11,Admin,,FAILED,401,"Mozilla/5.0 (Hydra)",/login,,,0,,
b61f8c3f5e917518683d1ab2e310f264,"2026-05-10 13:03:07",AUTH,192.168.56.11,Admin,,FAILED,401,"Mozilla/5.0 (Hydra)",/login,,,0,,
9588e9e93099bcc9be306ae2616f4c04,"2026-05-10 13:03:07",AUTH,192.168.56.11,Admin,,FAILED,401,"Mozilla/5.0 (Hydra)",/login,,,0,,
85e51031b3ae384a7c473fe6133fc41b,"2026-05-10 13:03:07",AUTH,192.168.56.11,Admin,,FAILED,401,"Mozilla/5.0 (Hydra)",/login,,,0,,
b3b7281284bb6bed2fa988e40a41fab6,"2026-05-10 13:03:07",AUTH,192.168.56.11,Admin,,FAILED,401,"Mozilla/5.0 (Hydra)",/login,,,0,,
422ead3ac3553d1e32ef638650b2de5c,"2026-05-10 13:03:07",AUTH,192.168.56.11,Admin,,FAILED,401,"Mozilla/5.0 (Hydra)",/login,,,0,,
b6ae279748ee76352d02e05424566ecc,"2026-05-10 13:03:07",AUTH,192.168.56.11,Admin,,FAILED,401,"Mozilla/5.0 (Hydra)",/login,,,0,,
a62b36aae524a374ff3b3e0689a6234c,"2026-05-10 13:03:07",AUTH,192.168.56.11,Admin,,FAILED,401,"Mozilla/5.0 (Hydra)",/login,,,0,,
a48bdc8547007dbded8417250cff65c9,"2026-05-10 13:03:07",AUTH,192.168.56.11,Admin,,FAILED,401,"Mozilla/5.0 (Hydra)",/login,,,0,,
87059daf9a36ccef92a808423dc38652,"2026-05-10 13:03:07",AUTH,192.168.56.11,Admin,,FAILED,401,"Mozilla/5.0 (Hydra)",/login,,,0,,
df23865681cf88ca7c783bb36f439d96,"2026-05-10 13:03:07",AUTH,192.168.56.11,admin,,FAILED,401,"Mozilla/5.0 (Hydra)",/login,,,0,,
e8fac49b077aa9a7470e168c6329798c,"2026-05-10 13:03:07",AUTH,192.168.56.11,admin,,FAILED,401,"Mozilla/5.0 (Hydra)",/login,,,0,,
b24825410d8790e6bcdb9d7120d8f7ee,"2026-05-10 13:03:07",AUTH,192.168.56.11,admin,,FAILED,401,"Mozilla/5.0 (Hydra)",/login,,,0,,
def351d62f8b59fedfb0b8afb8207002,"2026-05-10 13:03:07",AUTH,192.168.56.11,admin,,FAILED,401,"Mozilla/5.0 (Hydra)",/login,,,0,,
ddfdca08cafa8d610feb1f2d9aee642c,"2026-05-10 13:03:07",AUTH,192.168.56.11,admin,,FAILED,401,"Mozilla/5.0 (Hydra)",/login,,,0,,
d0971514291a2c5d5fbcece764d9239c,"2026-05-10 13:03:07",AUTH,192.168.56.11,admin,,FAILED,401,"Mozilla/5.0 (Hydra)",/login,,,0,,
021cfe16d1c177567380cb4164c009dc,"2026-05-10 13:03:07",AUTH,192.168.56.11,admin,,FAILED,401,"Mozilla/5.0 (Hydra)",/login,,,0,,
ed5c9d8ee0da5df633bb859508512cc8,"2026-05-10 13:03:07",AUTH,192.168.56.11,admin,,FAILED,401,"Mozilla/5.0 (Hydra)",/login,,,0,,
9a4c53c2d330190f512f7ad35a320736,"2026-05-10 13:03:07",AUTH,192.168.56.11,admin,,FAILED,401,"Mozilla/5.0 (Hydra)",/login,,,0,,
cd38758945fc2f3caa6ffe3bfcde1747,"2026-05-10 13:03:07",AUTH,192.168.56.11,admin,,FAILED,401,"Mozilla/5.0 (Hydra)",/login,,,0,,
956e8c018d12301b7295870a9039ec68,"2026-05-10 13:03:07",AUTH,192.168.56.11,admin,,FAILED,401,"Mozilla/5.0 (Hydra)",/login,,,0,,
ab26d3812d15e179d8f133019a5fb838,"2026-05-10 13:03:07",AUTH,192.168.56.11,admin,,FAILED,401,"Mozilla/5.0 (Hydra)",/login,,,0,,
8cf6838473948b31aacaed95eca754ce,"2026-05-10 13:03:07",AUTH,192.168.56.11,admin,,FAILED,401,"Mozilla/5.0 (Hydra)",/login,,,0,,
3547d5a991f9554de4fb3486239041ce,"2026-05-10 13:03:07",AUTH,192.168.56.11,admin,,FAILED,401,"Mozilla/5.0 (Hydra)",/login,,,0,,
eff1d0a0d37bd44b6a150c96957568ea,"2026-05-10 13:03:08",AUTH,192.168.56.11,admin,,FAILED,401,"Mozilla/5.0 (Hydra)",/login,,,0,,
025a784dd48c68772fbca936321e785b,"2026-05-10 13:03:08",AUTH,192.168.56.11,admin,,FAILED,401,"Mozilla/5.0 (Hydra)",/login,,,0,,
0e3168ca9cb7807ca27d5d4c63c2f08c,"2026-05-10 13:03:08",AUTH,192.168.56.11,admin,,FAILED,401,"Mozilla/5.0 (Hydra)",/login,,,0,,
cec3c844d9d8eb24d4f96061dd716803,"2026-05-10 13:03:08",AUTH,192.168.56.11,admin,,FAILED,401,"Mozilla/5.0 (Hydra)",/login,,,0,,
a4ea138f4b1c6866a4572c679c6a608a,"2026-05-10 13:03:08",AUTH,192.168.56.11,admin,,FAILED,401,"Mozilla/5.0 (Hydra)",/login,,,0,,
2403a6ea4b04453b0a3b97bdccea595d,"2026-05-10 13:03:08",AUTH,192.168.56.11,admin,,FAILED,401,"Mozilla/5.0 (Hydra)",/login,,,0,,
68a326d9e3b0c7ea001d2e3dc7a63987,"2026-05-10 13:03:08",AUTH,192.168.56.11,admin,,FAILED,401,"Mozilla/5.0 (Hydra)",/login,,,0,,
71d918924dabf0bd93c3651181136947,"2026-05-10 13:03:08",AUTH,192.168.56.11,admin,,FAILED,401,"Mozilla/5.0 (Hydra)",/login,,,0,,
9eee3202e5855044f2f42c0137441a69,"2026-05-10 13:03:08",AUTH,192.168.56.11,admin,,FAILED,401,"Mozilla/5.0 (Hydra)",/login,,,0,,
43f937010cd476c576c7c06afdaed80b,"2026-05-10 13:03:08",AUTH,192.168.56.11,admin,,FAILED,401,"Mozilla/5.0 (Hydra)",/login,,,0,,
21417d51dfc934466eff7ff56964ea90,"2026-05-10 13:03:08",AUTH,192.168.56.11,admin,,FAILED,401,"Mozilla/5.0 (Hydra)",/login,,,0,,
1b436b73c25bd15a994f567ad7ba6f3e,"2026-05-10 13:03:08",AUTH,192.168.56.11,administrator,,FAILED,401,"Mozilla/5.0 (Hydra)",/login,,,0,,
fd7e90ed6cf93924381bf0104699f735,"2026-05-10 13:03:08",AUTH,192.168.56.11,admin,,FAILED,401,"Mozilla/5.0 (Hydra)",/login,,,0,,
68c91258b2afd566e0650b9fbc1d41f4,"2026-05-10 13:03:08",AUTH,192.168.56.11,administrator,,FAILED,401,"Mozilla/5.0 (Hydra)",/login,,,0,,
e58b5bf91a438f6f1fef9312cf5f5365,"2026-05-10 13:03:08",AUTH,192.168.56.11,administrator,,FAILED,401,"Mozilla/5.0 (Hydra)",/login,,,0,,
3ef34092a1bf8256fc50869943e248a1,"2026-05-10 13:03:08",AUTH,192.168.56.11,administrator,,FAILED,401,"Mozilla/5.0 (Hydra)",/login,,,0,,
6333b355110941d81b5555e58df9942a,"2026-05-10 13:03:08",AUTH,192.168.56.11,administrator,,FAILED,401,"Mozilla/5.0 (Hydra)",/login,,,0,,
507d175eefc0a9e6bc8158867fcd6f65,"2026-05-10 13:03:08",AUTH,192.168.56.11,administrator,,FAILED,401,"Mozilla/5.0 (Hydra)",/login,,,0,,
001055fee7f0f3afa240a73cf0e8a4b3,"2026-05-10 13:03:08",AUTH,192.168.56.11,administrator,,FAILED,401,"Mozilla/5.0 (Hydra)",/login,,,0,,
435d04d3294df69e65fb9de0d4926c59,"2026-05-10 13:03:08",AUTH,192.168.56.11,administrator,,FAILED,401,"Mozilla/5.0 (Hydra)",/login,,,0,,
2a86edb7a4a6f7e187df9e7597d943ad,"2026-05-10 13:03:08",AUTH,192.168.56.11,administrator,,FAILED,401,"Mozilla/5.0 (Hydra)",/login,,,0,,
bc514a1811f930539dd4d874a8d81d65,"2026-05-10 13:03:08",AUTH,192.168.56.11,administrator,,FAILED,401,"Mozilla/5.0 (Hydra)",/login,,,0,,
ec4e52eef1df5aa3cffaa79e32124102,"2026-05-10 13:03:08",AUTH,192.168.56.11,administrator,,FAILED,401,"Mozilla/5.0 (Hydra)",/login,,,0,,
31cb9eaeed13545be104fe6e16e7fd3f,"2026-05-10 13:03:08",AUTH,192.168.56.11,administrator,,FAILED,401,"Mozilla/5.0 (Hydra)",/login,,,0,,
657c09f2cdfe1b6d71faee70d4211bc7,"2026-05-10 13:03:08",AUTH,192.168.56.11,administrator,,FAILED,401,"Mozilla/5.0 (Hydra)",/login,,,0,,
aaecb2f2bc53c57a823f231867faf5a9,"2026-05-10 13:03:08",AUTH,192.168.56.11,administrator,,FAILED,401,"Mozilla/5.0 (Hydra)",/login,,,0,,
346b244311a4ae0601118ce427bf33b0,"2026-05-10 13:03:08",AUTH,192.168.56.11,administrator,,FAILED,401,"Mozilla/5.0 (Hydra)",/login,,,0,,
976b33d22bc297879e974f731ec0d43f,"2026-05-10 13:03:08",AUTH,192.168.56.11,administrator,,FAILED,401,"Mozilla/5.0 (Hydra)",/login,,,0,,
88a4dd2dcf3b07d9b4d93227371b9be7,"2026-05-10 13:03:08",AUTH,192.168.56.11,administrator,,FAILED,401,"Mozilla/5.0 (Hydra)",/login,,,0,,
62fe0c73270bf7490a45993b28b22527,"2026-05-10 13:03:08",AUTH,192.168.56.11,administrator,,FAILED,401,"Mozilla/5.0 (Hydra)",/login,,,0,,
41dde21a6cbe15ed117f236e2c1308c8,"2026-05-10 13:03:08",AUTH,192.168.56.11,administrator,,FAILED,401,"Mozilla/5.0 (Hydra)",/login,,,0,,
7299883bee34fe7b7030e76749e2501d,"2026-05-10 13:03:08",AUTH,192.168.56.11,administrator,,FAILED,401,"Mozilla/5.0 (Hydra)",/login,,,0,,
71658db3bca5f94ce2865d332ab8ea50,"2026-05-10 13:03:08",AUTH,192.168.56.11,administrator,,FAILED,401,"Mozilla/5.0 (Hydra)",/login,,,0,,
59301bf5e81dbdffb51e00bf7f8c67f5,"2026-05-10 13:03:08",AUTH,192.168.56.11,administrator,,FAILED,401,"Mozilla/5.0 (Hydra)",/login,,,0,,
506ce60d8010a76073f5273ae7c70633,"2026-05-10 13:03:08",AUTH,192.168.56.11,administrator,,FAILED,401,"Mozilla/5.0 (Hydra)",/login,,,0,,
ced22675e76e22b85054fb5769bf47ca,"2026-05-10 13:03:08",AUTH,192.168.56.11,administrator,,FAILED,401,"Mozilla/5.0 (Hydra)",/login,,,0,,
c814353a3fb905e048fd80c3e333dee0,"2026-05-10 13:03:08",AUTH,192.168.56.11,administrator,,FAILED,401,"Mozilla/5.0 (Hydra)",/login,,,0,,
4fbf73a81340ae34a6c556702d8a4138,"2026-05-10 13:03:08",AUTH,192.168.56.11,administrator,,FAILED,401,"Mozilla/5.0 (Hydra)",/login,,,0,,
94e737955f3da2b84e824ad7bd56e731,"2026-05-10 13:03:08",AUTH,192.168.56.11,Bauka,,FAILED,401,"Mozilla/5.0 (Hydra)",/login,,,0,,
622396be2eb64064b1d6be9af0fa5f08,"2026-05-10 13:03:08",AUTH,192.168.56.11,Bauka,,FAILED,401,"Mozilla/5.0 (Hydra)",/login,,,0,,
b011756195d342f278f8a4fd17cba83f,"2026-05-10 13:03:09",AUTH,192.168.56.11,Bauka,,FAILED,401,"Mozilla/5.0 (Hydra)",/login,,,0,,
cde6e4fd15707ea4226291267c3c5a29,"2026-05-10 13:03:09",AUTH,192.168.56.11,Bauka,,FAILED,401,"Mozilla/5.0 (Hydra)",/login,,,0,,
493e2bd39f91030b3abb215e25d95115,"2026-05-10 13:03:09",AUTH,192.168.56.11,Bauka,,FAILED,401,"Mozilla/5.0 (Hydra)",/login,,,0,,
e950fa93f249bca121668305949978df,"2026-05-10 13:03:09",AUTH,192.168.56.11,Bauka,,FAILED,401,"Mozilla/5.0 (Hydra)",/login,,,0,,
64c19e898873af920d0ccf6273d36a1d,"2026-05-10 13:03:09",AUTH,192.168.56.11,Bauka,,FAILED,401,"Mozilla/5.0 (Hydra)",/login,,,0,,
59423e6cbeb845fd70bd5721f548893a,"2026-05-10 13:03:09",AUTH,192.168.56.11,Bauka,,FAILED,401,"Mozilla/5.0 (Hydra)",/login,,,0,,
033f8c1ca0980f1349c74080e1f1706c,"2026-05-10 13:03:09",AUTH,192.168.56.11,Bauka,,FAILED,401,"Mozilla/5.0 (Hydra)",/login,,,0,,
8249cac12ba073b3fa365d5aa1685ae5,"2026-05-10 13:03:09",AUTH,192.168.56.11,Bauka,,FAILED,401,"Mozilla/5.0 (Hydra)",/login,,,0,,
753495ffa03198ecebc7e23908861e26,"2026-05-10 13:03:09",AUTH,192.168.56.11,Bauka,,FAILED,401,"Mozilla/5.0 (Hydra)",/login,,,0,,
02e97bc2b906b1260da64d6edd32d1b7,"2026-05-10 13:03:09",AUTH,192.168.56.11,Bauka,,FAILED,401,"Mozilla/5.0 (Hydra)",/login,,,0,,
2b84aef6d44e3b701ab4681b1c141ea1,"2026-05-10 13:03:09",AUTH,192.168.56.11,Bauka,,FAILED,401,"Mozilla/5.0 (Hydra)",/login,,,0,,
1ed9719de0246c754a64416a6599c642,"2026-05-10 13:03:09",AUTH,192.168.56.11,Bauka,,FAILED,401,"Mozilla/5.0 (Hydra)",/login,,,0,,
be00f79ab506f78a476bf5791961ee15,"2026-05-10 13:03:09",AUTH,192.168.56.11,Bauka,,FAILED,401,"Mozilla/5.0 (Hydra)",/login,,,0,,
ffe39a1b8ec015b23e5a2d6a489e2d79,"2026-05-10 13:03:09",AUTH,192.168.56.11,Bauka,,FAILED,401,"Mozilla/5.0 (Hydra)",/login,,,0,,
9258702b845b6080d3953bf15406c454,"2026-05-10 13:03:09",AUTH,192.168.56.11,Bauka,,FAILED,401,"Mozilla/5.0 (Hydra)",/login,,,0,,
1ded34fc99ba487433119bfdbecfce26,"2026-05-10 13:03:09",AUTH,192.168.56.11,Bauka,,FAILED,401,"Mozilla/5.0 (Hydra)",/login,,,0,,
aff0fe488c17109827454bdd5b90e36b,"2026-05-10 13:03:09",AUTH,192.168.56.11,Bauka,,FAILED,401,"Mozilla/5.0 (Hydra)",/login,,,0,,
ded7ea188d8167d93d28003a16e5cba1,"2026-05-10 13:03:09",AUTH,192.168.56.11,Bauka,,FAILED,401,"Mozilla/5.0 (Hydra)",/login,,,0,,
e12105a47fb6805186275fd4003a3449,"2026-05-10 13:03:09",AUTH,192.168.56.11,Bauka,,FAILED,401,"Mozilla/5.0 (Hydra)",/login,,,0,,
56eccec95c112f782f2007a16921089f,"2026-05-10 13:03:09",AUTH,192.168.56.11,Bauka,,FAILED,401,"Mozilla/5.0 (Hydra)",/login,,,0,,
c0e8a8d00445dfedb0f61d06663a22bc,"2026-05-10 13:03:09",AUTH,192.168.56.11,Bauka,,FAILED,401,"Mozilla/5.0 (Hydra)",/login,,,0,,
d55d602658ce55ab864ebd86d5d4011d,"2026-05-10 13:03:09",AUTH,192.168.56.11,Bauka,,FAILED,401,"Mozilla/5.0 (Hydra)",/login,,,0,,
7a9ce2e8c57508af7520f44d4effebf8,"2026-05-10 13:03:09",AUTH,192.168.56.11,Bauka,,FAILED,401,"Mozilla/5.0 (Hydra)",/login,,,0,,
bf89b864d6c03d90b540101358586f0d,"2026-05-10 13:03:09",AUTH,192.168.56.11,Bauka,,FAILED,401,"Mozilla/5.0 (Hydra)",/login,,,0,,
b2f630ff75f7392021905de8dbdd4e89,"2026-05-10 13:03:09",AUTH,192.168.56.11,student,,FAILED,401,"Mozilla/5.0 (Hydra)",/login,,,0,,
0d3770dd48a5959a4d7086d7e07723a0,"2026-05-10 13:03:09",AUTH,192.168.56.11,student,,FAILED,401,"Mozilla/5.0 (Hydra)",/login,,,0,,
caeb98dd85294db2bd4d21704a7fc5ad,"2026-05-10 13:03:09",AUTH,192.168.56.11,student,,FAILED,401,"Mozilla/5.0 (Hydra)",/login,,,0,,
be63e60a50bcd8171bcf0b8385c7ce68,"2026-05-10 13:03:09",AUTH,192.168.56.11,student,,FAILED,401,"Mozilla/5.0 (Hydra)",/login,,,0,,
6278a46df8c26310f97e4137a498a36f,"2026-05-10 13:03:09",AUTH,192.168.56.11,student,,FAILED,401,"Mozilla/5.0 (Hydra)",/login,,,0,,
039bf9b0ae2f014c044ebd45f4890602,"2026-05-10 13:03:09",AUTH,192.168.56.11,student,,FAILED,401,"Mozilla/5.0 (Hydra)",/login,,,0,,
35d4bd6b9f873d334b718d0b839d67d4,"2026-05-10 13:03:09",AUTH,192.168.56.11,student,,FAILED,401,"Mozilla/5.0 (Hydra)",/login,,,0,,
71fc3256955a4cc8f43420ce8418c525,"2026-05-10 13:03:09",AUTH,192.168.56.11,student,,FAILED,401,"Mozilla/5.0 (Hydra)",/login,,,0,,
ae3b9a96d11ed5b1e59d7783c7e828a0,"2026-05-10 13:03:09",AUTH,192.168.56.11,student,,FAILED,401,"Mozilla/5.0 (Hydra)",/login,,,0,,
9258520f16003b601959ddeb688ab4ec,"2026-05-10 13:03:09",AUTH,192.168.56.11,student,,FAILED,401,"Mozilla/5.0 (Hydra)",/login,,,0,,
26a1c008070c91c93fa9912d0ed5ee85,"2026-05-10 13:03:09",AUTH,192.168.56.11,student,,FAILED,401,"Mozilla/5.0 (Hydra)",/login,,,0,,
9cb64cff033faae0bb7c6fee6a7e689f,"2026-05-10 13:03:09",AUTH,192.168.56.11,student,,FAILED,401,"Mozilla/5.0 (Hydra)",/login,,,0,,
e4513fe4d90d0a1ce6a4e72f60c51bc5,"2026-05-10 13:03:09",AUTH,192.168.56.11,student,,FAILED,401,"Mozilla/5.0 (Hydra)",/login,,,0,,
dc3fdc7017a76e6f5a820c06225cc805,"2026-05-10 13:03:09",AUTH,192.168.56.11,student,,FAILED,401,"Mozilla/5.0 (Hydra)",/login,,,0,,
41fb0d592729c28b3dcb1c16385a49e7,"2026-05-10 13:03:09",AUTH,192.168.56.11,student,,FAILED,401,"Mozilla/5.0 (Hydra)",/login,,,0,,
71fa0c374c3689a0747032e6bad0df6c,"2026-05-10 13:03:09",AUTH,192.168.56.11,student,,FAILED,401,"Mozilla/5.0 (Hydra)",/login,,,0,,
05d071147f16ae0466d61511fcc5fc5f,"2026-05-10 13:03:09",AUTH,192.168.56.11,student,,FAILED,401,"Mozilla/5.0 (Hydra)",/login,,,0,,
d5d72e35df8e527ffef32b437b76ada0,"2026-05-10 13:03:09",AUTH,192.168.56.11,student,,FAILED,401,"Mozilla/5.0 (Hydra)",/login,,,0,,
8e7368216157d4b67c929f7c6c1c8546,"2026-05-10 13:03:09",AUTH,192.168.56.11,student,,FAILED,401,"Mozilla/5.0 (Hydra)",/login,,,0,,
2bdba6b10f7f3b1e51ae8098410433e2,"2026-05-10 13:03:10",AUTH,192.168.56.11,student,,FAILED,401,"Mozilla/5.0 (Hydra)",/login,,,0,,
7d28faae22bd2c88dff062870d6df355,"2026-05-10 13:03:10",AUTH,192.168.56.11,student,,FAILED,401,"Mozilla/5.0 (Hydra)",/login,,,0,,
23553c260c462395af4b80ea9bf52531,"2026-05-10 13:03:10",AUTH,192.168.56.11,student,,FAILED,401,"Mozilla/5.0 (Hydra)",/login,,,0,,
92f292ef405d5763ebf0131bc3f0c7ce,"2026-05-10 13:03:10",AUTH,192.168.56.11,student,,FAILED,401,"Mozilla/5.0 (Hydra)",/login,,,0,,
fe8e607b63aa72589fe4910dbe8d89fc,"2026-05-10 13:03:10",AUTH,192.168.56.11,student,,FAILED,401,"Mozilla/5.0 (Hydra)",/login,,,0,,
0f374b0887550e25b7a4cd5cf3867e86,"2026-05-10 13:03:10",AUTH,192.168.56.11,student,,FAILED,401,"Mozilla/5.0 (Hydra)",/login,,,0,,
0ca038dec1cd50fd1508815a3dcd054a,"2026-05-10 13:03:10",AUTH,192.168.56.11,student,cd305aebe62b6f83a3ffa2a4bcb9e6ca,SUCCESS,200,"Mozilla/5.0 (Hydra)",/login,,,0,,
0661c29959019168052afdb2df61cee6,"2026-05-10 13:03:10",AUTH,192.168.56.11,Nurzat,,FAILED,401,"Mozilla/5.0 (Hydra)",/login,,,0,,
60483f816b91afcc5275d6a4c30f5e20,"2026-05-10 13:03:10",AUTH,192.168.56.11,Nurzat,,FAILED,401,"Mozilla/5.0 (Hydra)",/login,,,0,,
f995c0ce07a834634207c521e2eb6c8d,"2026-05-10 13:03:10",AUTH,192.168.56.11,Nurzat,,FAILED,401,"Mozilla/5.0 (Hydra)",/login,,,0,,
d8f939012eaa5b69253dba356f210b3b,"2026-05-10 13:03:10",AUTH,192.168.56.11,Nurzat,,FAILED,401,"Mozilla/5.0 (Hydra)",/login,,,0,,
c7bf6082bdaf4fc4572537e004719b8b,"2026-05-10 13:03:10",AUTH,192.168.56.11,Nurzat,,FAILED,401,"Mozilla/5.0 (Hydra)",/login,,,0,,
ac81b6c0fbf9121b5c808591366edfe9,"2026-05-10 13:03:10",AUTH,192.168.56.11,Nurzat,,FAILED,401,"Mozilla/5.0 (Hydra)",/login,,,0,,
bd07edb8dabca39f1b068979ff792db3,"2026-05-10 13:03:10",AUTH,192.168.56.11,Nurzat,,FAILED,401,"Mozilla/5.0 (Hydra)",/login,,,0,,
9a4fc2ea27d8042b13bd6105fd7a8ebe,"2026-05-10 13:03:10",AUTH,192.168.56.11,Nurzat,,FAILED,401,"Mozilla/5.0 (Hydra)",/login,,,0,,
15eaf69e1b52045772084c16f2f8f588,"2026-05-10 13:03:10",AUTH,192.168.56.11,Nurzat,,FAILED,401,"Mozilla/5.0 (Hydra)",/login,,,0,,
b9177e3b743f0eb3898c27508cec82de,"2026-05-10 13:03:10",AUTH,192.168.56.11,Nurzat,,FAILED,401,"Mozilla/5.0 (Hydra)",/login,,,0,,
8b352f8a2269900ab9ea921a65ab47c7,"2026-05-10 13:03:10",AUTH,192.168.56.11,Nurzat,,FAILED,401,"Mozilla/5.0 (Hydra)",/login,,,0,,
c6dd8765c6dc42634d8eec16ddd80dfa,"2026-05-10 13:03:10",AUTH,192.168.56.11,Nurzat,,FAILED,401,"Mozilla/5.0 (Hydra)",/login,,,0,,
e77da92dda870ce72288ad21a0ce6a8a,"2026-05-10 13:03:10",AUTH,192.168.56.11,Nurzat,,FAILED,401,"Mozilla/5.0 (Hydra)",/login,,,0,,
bf8e988bb0f78e2ee325d3ea7f0c7936,"2026-05-10 13:03:10",AUTH,192.168.56.11,Nurzat,,FAILED,401,"Mozilla/5.0 (Hydra)",/login,,,0,,
4071e350228bef35cd841c946211261d,"2026-05-10 13:03:10",AUTH,192.168.56.11,Nurzat,,FAILED,401,"Mozilla/5.0 (Hydra)",/login,,,0,,
64fc4990e9fdca27a683c3063ed998d9,"2026-05-10 13:03:10",AUTH,192.168.56.11,Nurzat,,FAILED,401,"Mozilla/5.0 (Hydra)",/login,,,0,,
58b5418c2c7f71d476b859d819212b9b,"2026-05-10 13:03:10",AUTH,192.168.56.11,Nurzat,,FAILED,401,"Mozilla/5.0 (Hydra)",/login,,,0,,
1edeb0eb0871ce7dfbea5665e75516c8,"2026-05-10 13:03:10",AUTH,192.168.56.11,Nurzat,,FAILED,401,"Mozilla/5.0 (Hydra)",/login,,,0,,
3fb8b92948d37accf5fd02b9c253f38d,"2026-05-10 13:03:10",AUTH,192.168.56.11,Nurzat,,FAILED,401,"Mozilla/5.0 (Hydra)",/login,,,0,,
59e8d6e86470ae82a7bc752cc17ea5ac,"2026-05-10 13:03:10",AUTH,192.168.56.11,Nurzat,,FAILED,401,"Mozilla/5.0 (Hydra)",/login,,,0,,
1752bebbfb73cdcf3773aba0cc6f854c,"2026-05-10 13:03:10",AUTH,192.168.56.11,Nurik,,FAILED,401,"Mozilla/5.0 (Hydra)",/login,,,0,,
fdbae44634145a51d70b1d68f39ca8fb,"2026-05-10 13:03:10",AUTH,192.168.56.11,Nurzat,,FAILED,401,"Mozilla/5.0 (Hydra)",/login,,,0,,
7876f9a4425bb7640796c8c2356178a9,"2026-05-10 13:03:10",AUTH,192.168.56.11,Nurik,,FAILED,401,"Mozilla/5.0 (Hydra)",/login,,,0,,
0879696ad2e8b49977cadfe7c1be3e2f,"2026-05-10 13:03:10",AUTH,192.168.56.11,Nurik,,FAILED,401,"Mozilla/5.0 (Hydra)",/login,,,0,,
58d2c691673a3db72b7c4e1341259fe3,"2026-05-10 13:03:10",AUTH,192.168.56.11,Nurzat,,FAILED,401,"Mozilla/5.0 (Hydra)",/login,,,0,,
9301a6aeeaa89cad818531fb80cc7d83,"2026-05-10 13:03:10",AUTH,192.168.56.11,Nurzat,,FAILED,401,"Mozilla/5.0 (Hydra)",/login,,,0,,
91fb21b7e88e36a39c99b78361ecaaa1,"2026-05-10 13:03:10",AUTH,192.168.56.11,Nurzat,,FAILED,401,"Mozilla/5.0 (Hydra)",/login,,,0,,
9b205dd4620247abd540108e7b6d326d,"2026-05-10 13:03:10",AUTH,192.168.56.11,Nurzat,,FAILED,401,"Mozilla/5.0 (Hydra)",/login,,,0,,
1a5f6c3559514f62bf227a926f4d2e66,"2026-05-10 13:03:10",AUTH,192.168.56.11,Nurzat,,FAILED,401,"Mozilla/5.0 (Hydra)",/login,,,0,,
92a4cd9f5f429fa9297bc93f46b54c1d,"2026-05-10 13:03:10",AUTH,192.168.56.11,Nurik,,FAILED,401,"Mozilla/5.0 (Hydra)",/login,,,0,,
46eda2bd909f3c194567872b0e5055ec,"2026-05-10 13:03:10",AUTH,192.168.56.11,Nurik,,FAILED,401,"Mozilla/5.0 (Hydra)",/login,,,0,,
bb8966b9cc76de3705d8d47b606700e5,"2026-05-10 13:03:10",AUTH,192.168.56.11,Nurik,,FAILED,401,"Mozilla/5.0 (Hydra)",/login,,,0,,
e59f2b36bda0f6fce8d861254f0afafe,"2026-05-10 13:03:11",AUTH,192.168.56.11,Nurik,,FAILED,401,"Mozilla/5.0 (Hydra)",/login,,,0,,
370f1c1f0449742a5ba14d5d596dc69c,"2026-05-10 13:03:11",AUTH,192.168.56.11,Nurik,,FAILED,401,"Mozilla/5.0 (Hydra)",/login,,,0,,
1ab060b2c7f9872790abfd6faa1b98b8,"2026-05-10 13:03:11",AUTH,192.168.56.11,Nurik,,FAILED,401,"Mozilla/5.0 (Hydra)",/login,,,0,,
9696da8e573b8aa9b77c3eb074171128,"2026-05-10 13:03:11",AUTH,192.168.56.11,Nurik,,FAILED,401,"Mozilla/5.0 (Hydra)",/login,,,0,,
3f9e9228ac99d51a5337116900b2decc,"2026-05-10 13:03:11",AUTH,192.168.56.11,Nurik,,FAILED,401,"Mozilla/5.0 (Hydra)",/login,,,0,,
423c8412a1510a64fc61fb5385745345,"2026-05-10 13:03:11",AUTH,192.168.56.11,Nurik,,FAILED,401,"Mozilla/5.0 (Hydra)",/login,,,0,,
78c6cfc6f0745d4f09b29814ca0de36b,"2026-05-10 13:03:11",AUTH,192.168.56.11,Nurik,,FAILED,401,"Mozilla/5.0 (Hydra)",/login,,,0,,
3ba1ca266fee98bbf37c34cbb8498879,"2026-05-10 13:03:11",AUTH,192.168.56.11,Nurik,,FAILED,401,"Mozilla/5.0 (Hydra)",/login,,,0,,
3c6935f6036fcc2f45f448db5587034f,"2026-05-10 13:03:11",AUTH,192.168.56.11,Nurik,,FAILED,401,"Mozilla/5.0 (Hydra)",/login,,,0,,
4184628d9802e263a082306ed301b757,"2026-05-10 13:03:11",AUTH,192.168.56.11,Nurik,,FAILED,401,"Mozilla/5.0 (Hydra)",/login,,,0,,
3b630d6f35a1754368996e300c8dd55a,"2026-05-10 13:03:11",AUTH,192.168.56.11,Nurik,,FAILED,401,"Mozilla/5.0 (Hydra)",/login,,,0,,
f24ef2c7bdb2a69a4cf2aff9d506156d,"2026-05-10 13:03:11",AUTH,192.168.56.11,Nurik,,FAILED,401,"Mozilla/5.0 (Hydra)",/login,,,0,,
ddbc317e9ed4b1b4028fcd1c663f196e,"2026-05-10 13:03:11",AUTH,192.168.56.11,Nurik,,FAILED,401,"Mozilla/5.0 (Hydra)",/login,,,0,,
8b83548f5433230185ce03538c3eb304,"2026-05-10 13:03:11",AUTH,192.168.56.11,Nurik,,FAILED,401,"Mozilla/5.0 (Hydra)",/login,,,0,,
9f8fec700c86edc8ce5dbf95afd97e6f,"2026-05-10 13:03:11",AUTH,192.168.56.11,Nurik,,FAILED,401,"Mozilla/5.0 (Hydra)",/login,,,0,,
b35bb2bbc2cd8f62b58992046cf11a97,"2026-05-10 13:03:11",AUTH,192.168.56.11,Nurik,,FAILED,401,"Mozilla/5.0 (Hydra)",/login,,,0,,
0f9737b51c5e4b7ef10f7cccb946a00e,"2026-05-10 13:03:11",AUTH,192.168.56.11,Nurik,,FAILED,401,"Mozilla/5.0 (Hydra)",/login,,,0,,
dd199ff3f160d603ec95a3082c4cb4aa,"2026-05-10 13:03:11",AUTH,192.168.56.11,Nurik,,FAILED,401,"Mozilla/5.0 (Hydra)",/login,,,0,,
6a16576cf560c53e5092f2de9baf212a,"2026-05-10 13:03:11",AUTH,192.168.56.11,Nurik,,FAILED,401,"Mozilla/5.0 (Hydra)",/login,,,0,,
3a7a93357bae21cf2e82214badf1a127,"2026-05-10 13:03:11",AUTH,192.168.56.11,Nurik,,FAILED,401,"Mozilla/5.0 (Hydra)",/login,,,0,,
3b9bde65c8175bf9737c7b1ae055eabe,"2026-05-10 13:03:11",AUTH,192.168.56.11,Gulsara,,FAILED,401,"Mozilla/5.0 (Hydra)",/login,,,0,,
affc87319199e04c2a80388e27b19166,"2026-05-10 13:03:11",AUTH,192.168.56.11,Gulsara,,FAILED,401,"Mozilla/5.0 (Hydra)",/login,,,0,,
7335684e802dc049f01807beb4c59118,"2026-05-10 13:03:11",AUTH,192.168.56.11,Gulsara,,FAILED,401,"Mozilla/5.0 (Hydra)",/login,,,0,,
157c3e677834ffd23a149491e35c8f84,"2026-05-10 13:03:11",AUTH,192.168.56.11,Gulsara,,FAILED,401,"Mozilla/5.0 (Hydra)",/login,,,0,,
0aaef7566c38fa47e606e1e5f5d93027,"2026-05-10 13:03:11",AUTH,192.168.56.11,Gulsara,,FAILED,401,"Mozilla/5.0 (Hydra)",/login,,,0,,
f6f889dfaff0db36975db3bf4018cb37,"2026-05-10 13:03:11",AUTH,192.168.56.11,Gulsara,,FAILED,401,"Mozilla/5.0 (Hydra)",/login,,,0,,
7f868de4cbe9edc0b7bc9d5bdc355788,"2026-05-10 13:03:11",AUTH,192.168.56.11,Gulsara,,FAILED,401,"Mozilla/5.0 (Hydra)",/login,,,0,,
a74ee708e6b482ac9b2ebba968a72754,"2026-05-10 13:03:11",AUTH,192.168.56.11,Gulsara,,FAILED,401,"Mozilla/5.0 (Hydra)",/login,,,0,,
51498273cb768276607f2c8e7806986d,"2026-05-10 13:03:11",AUTH,192.168.56.11,Gulsara,,FAILED,401,"Mozilla/5.0 (Hydra)",/login,,,0,,
5f2bfd8838b5d50c15f1c8c04fa81b9c,"2026-05-10 13:03:11",AUTH,192.168.56.11,Gulsara,,FAILED,401,"Mozilla/5.0 (Hydra)",/login,,,0,,
16628d9d2c8d682f9100578c4ec78512,"2026-05-10 13:03:11",AUTH,192.168.56.11,Gulsara,,FAILED,401,"Mozilla/5.0 (Hydra)",/login,,,0,,
87036667cc07b0086ab5233a26e1818d,"2026-05-10 13:03:11",AUTH,192.168.56.11,Gulsara,,FAILED,401,"Mozilla/5.0 (Hydra)",/login,,,0,,
a6057d02d9f191084f2094feb3547fc1,"2026-05-10 13:03:11",AUTH,192.168.56.11,Gulsara,,FAILED,401,"Mozilla/5.0 (Hydra)",/login,,,0,,
839b330e20beea363b6bd27779129a8c,"2026-05-10 13:03:11",AUTH,192.168.56.11,Gulsara,,FAILED,401,"Mozilla/5.0 (Hydra)",/login,,,0,,
1135aff5957c7ad0e1fee2397ff8a747,"2026-05-10 13:03:11",AUTH,192.168.56.11,Gulsara,,FAILED,401,"Mozilla/5.0 (Hydra)",/login,,,0,,
95acf1dc45bf480948f9263afe67607b,"2026-05-10 13:03:11",AUTH,192.168.56.11,Gulsara,,FAILED,401,"Mozilla/5.0 (Hydra)",/login,,,0,,
0c08a6510c2f565c7ed8b2406a4dcdf0,"2026-05-10 13:03:11",AUTH,192.168.56.11,Gulsara,,FAILED,401,"Mozilla/5.0 (Hydra)",/login,,,0,,
1be50d184e0c0900f0e3f89f8d7476d5,"2026-05-10 13:03:11",AUTH,192.168.56.11,Gulsara,,FAILED,401,"Mozilla/5.0 (Hydra)",/login,,,0,,
3e73ffdafe54c364e6bf22b759faaea4,"2026-05-10 13:03:12",AUTH,192.168.56.11,Gulsara,,FAILED,401,"Mozilla/5.0 (Hydra)",/login,,,0,,
df95777348c4767730343012b38f2ed5,"2026-05-10 13:03:12",AUTH,192.168.56.11,Gulsara,,FAILED,401,"Mozilla/5.0 (Hydra)",/login,,,0,,
8a5a11d2b448d80f57e6a298cb284412,"2026-05-10 13:03:12",AUTH,192.168.56.11,Gulsara,,FAILED,401,"Mozilla/5.0 (Hydra)",/login,,,0,,
0c2d1ffae2ad1aeb95d29b2fffd82159,"2026-05-10 13:03:12",AUTH,192.168.56.11,Gulsara,,FAILED,401,"Mozilla/5.0 (Hydra)",/login,,,0,,
c28acc6e6aa8eda944ec33dcfd4f19c1,"2026-05-10 13:03:12",AUTH,192.168.56.11,Gulsara,,FAILED,401,"Mozilla/5.0 (Hydra)",/login,,,0,,
1f5d4f9570ac16284567cfb0b933dba5,"2026-05-10 13:03:12",AUTH,192.168.56.11,Gulsara,,FAILED,401,"Mozilla/5.0 (Hydra)",/login,,,0,,
7736ca324cb27c1e63e8e293c47776ca,"2026-05-10 13:03:12",AUTH,192.168.56.11,Gulsara,,FAILED,401,"Mozilla/5.0 (Hydra)",/login,,,0,,
3e245b922841d7f4ac3ea672c7450336,"2026-05-10 13:03:12",AUTH,192.168.56.11,Gulsara,,FAILED,401,"Mozilla/5.0 (Hydra)",/login,,,0,,
357dfd8a7036430722d67d2ac9685dc1,"2026-05-10 13:03:12",AUTH,192.168.56.11,Student,,FAILED,401,"Mozilla/5.0 (Hydra)",/login,,,0,,
60085b16fb32bd1f25c0ce766ad9c5f2,"2026-05-10 13:03:12",AUTH,192.168.56.11,Student,,FAILED,401,"Mozilla/5.0 (Hydra)",/login,,,0,,
723e5709cdf7ddba47ac2c7cc51ab829,"2026-05-10 13:03:12",AUTH,192.168.56.11,Student,,FAILED,401,"Mozilla/5.0 (Hydra)",/login,,,0,,
1a62fdc9e2af324b626d0749860d55dd,"2026-05-10 13:03:12",AUTH,192.168.56.11,Student,,FAILED,401,"Mozilla/5.0 (Hydra)",/login,,,0,,
216c67b9cf3d2461d0413f800655cd3a,"2026-05-10 13:03:12",AUTH,192.168.56.11,Student,,FAILED,401,"Mozilla/5.0 (Hydra)",/login,,,0,,
32644ab8e8dcdf053f9541b38aaf8525,"2026-05-10 13:03:12",AUTH,192.168.56.11,Student,,FAILED,401,"Mozilla/5.0 (Hydra)",/login,,,0,,
3452da4d1e4d7ffb333d6b5e539f6e43,"2026-05-10 13:03:12",AUTH,192.168.56.11,Student,,FAILED,401,"Mozilla/5.0 (Hydra)",/login,,,0,,
1b4091717052bae08a8c9284d8bc69c3,"2026-05-10 13:03:12",AUTH,192.168.56.11,Student,,FAILED,401,"Mozilla/5.0 (Hydra)",/login,,,0,,
11ec1fbe88332f4e6f805522cbf19dd3,"2026-05-10 13:03:12",AUTH,192.168.56.11,Student,,FAILED,401,"Mozilla/5.0 (Hydra)",/login,,,0,,
279a07422c2b2dc8ad7baa105eab08e8,"2026-05-10 13:03:12",AUTH,192.168.56.11,Student,,FAILED,401,"Mozilla/5.0 (Hydra)",/login,,,0,,
dfb88c9cabfc2b1c28caf35663645f74,"2026-05-10 13:03:12",AUTH,192.168.56.11,Student,,FAILED,401,"Mozilla/5.0 (Hydra)",/login,,,0,,
b1be67d80d21fa666067f1ea914e906d,"2026-05-10 13:03:12",AUTH,192.168.56.11,Student,,FAILED,401,"Mozilla/5.0 (Hydra)",/login,,,0,,
177ffb3ba17ac5b01ddd55aae33fabb2,"2026-05-10 13:03:12",AUTH,192.168.56.11,Student,,FAILED,401,"Mozilla/5.0 (Hydra)",/login,,,0,,
a975720f54355351ad5bd41edbfab801,"2026-05-10 13:03:12",AUTH,192.168.56.11,Student,,FAILED,401,"Mozilla/5.0 (Hydra)",/login,,,0,,
37b39c376b749cc1fe4cf242a87c49fa,"2026-05-10 13:03:12",AUTH,192.168.56.11,Student,,FAILED,401,"Mozilla/5.0 (Hydra)",/login,,,0,,
45853fc02b7102182aec470eecb0cc5d,"2026-05-10 13:03:12",AUTH,192.168.56.11,Student,,FAILED,401,"Mozilla/5.0 (Hydra)",/login,,,0,,
cd57262abdcc885a50afcce08db7e282,"2026-05-10 13:03:12",AUTH,192.168.56.11,Student,,FAILED,401,"Mozilla/5.0 (Hydra)",/login,,,0,,
170049348a2442a45707de6729f575ce,"2026-05-10 13:03:12",AUTH,192.168.56.11,Student,,FAILED,401,"Mozilla/5.0 (Hydra)",/login,,,0,,
1a2bae963ba080d1dedd753ac0c2edde,"2026-05-10 13:03:12",AUTH,192.168.56.11,Student,,FAILED,401,"Mozilla/5.0 (Hydra)",/login,,,0,,
240c6bd0855538072232dd79ba874595,"2026-05-10 13:03:12",AUTH,192.168.56.11,Student,,FAILED,401,"Mozilla/5.0 (Hydra)",/login,,,0,,
6c99b4c1800693497c94fda2fab09698,"2026-05-10 13:03:12",AUTH,192.168.56.11,Student,,FAILED,401,"Mozilla/5.0 (Hydra)",/login,,,0,,
1c5942c75e04928990045682310d243a,"2026-05-10 13:03:12",AUTH,192.168.56.11,Student,,FAILED,401,"Mozilla/5.0 (Hydra)",/login,,,0,,
285293439793b52bc162a4a77c7ee8c2,"2026-05-10 13:03:12",AUTH,192.168.56.11,Student,,FAILED,401,"Mozilla/5.0 (Hydra)",/login,,,0,,
1f650b12d33cc16adc29b21fde48c50b,"2026-05-10 13:03:12",AUTH,192.168.56.11,Student,,FAILED,401,"Mozilla/5.0 (Hydra)",/login,,,0,,
e2b218ab967c0cc80014b94c946c5fc0,"2026-05-10 13:03:12",AUTH,192.168.56.11,Student,,FAILED,401,"Mozilla/5.0 (Hydra)",/login,,,0,,
9bc281abdf80a16b7cb8db97ae4f04de,"2026-05-10 13:03:12",AUTH,192.168.56.11,Student,,FAILED,401,"Mozilla/5.0 (Hydra)",/login,,,0,,
1d40aa9ecb74c9515b8334b03a3c0f9b,"2026-05-10 13:03:12",AUTH,192.168.56.11,Admin1,,FAILED,401,"Mozilla/5.0 (Hydra)",/login,,,0,,
3620e8bab2d58c01d1ead3812eb44efb,"2026-05-10 13:03:12",AUTH,192.168.56.11,Admin1,,FAILED,401,"Mozilla/5.0 (Hydra)",/login,,,0,,
57d45387fdcb966e97156b001e9896dd,"2026-05-10 13:03:12",AUTH,192.168.56.11,Admin1,,FAILED,401,"Mozilla/5.0 (Hydra)",/login,,,0,,
2921e8df8851e3b74272562d5c934eba,"2026-05-10 13:03:13",AUTH,192.168.56.11,Admin1,,FAILED,401,"Mozilla/5.0 (Hydra)",/login,,,0,,
a463ad251d3420a204482b6f89994bdc,"2026-05-10 13:03:13",AUTH,192.168.56.11,Admin1,,FAILED,401,"Mozilla/5.0 (Hydra)",/login,,,0,,
20fc19dc1db2aede651bdf48fd3f3d8d,"2026-05-10 13:03:13",AUTH,192.168.56.11,Admin1,,FAILED,401,"Mozilla/5.0 (Hydra)",/login,,,0,,
f0a41cb05b971e9be3d12584c4bc5bbc,"2026-05-10 13:03:13",AUTH,192.168.56.11,Admin1,,FAILED,401,"Mozilla/5.0 (Hydra)",/login,,,0,,
8109cf25bd8071ef509085ea074bb291,"2026-05-10 13:03:13",AUTH,192.168.56.11,Admin1,,FAILED,401,"Mozilla/5.0 (Hydra)",/login,,,0,,
c43fedcde5e41b02fc434ecf82b4aff3,"2026-05-10 13:03:13",AUTH,192.168.56.11,Admin1,,FAILED,401,"Mozilla/5.0 (Hydra)",/login,,,0,,
047c5841ab4e1e801856cd9e6c7e3af5,"2026-05-10 13:03:13",AUTH,192.168.56.11,Admin1,,FAILED,401,"Mozilla/5.0 (Hydra)",/login,,,0,,
2835577359390e74f4faae8d0d2e959c,"2026-05-10 13:03:13",AUTH,192.168.56.11,Admin1,,FAILED,401,"Mozilla/5.0 (Hydra)",/login,,,0,,
79aebf52366ae6675a8548cef9922708,"2026-05-10 13:03:13",AUTH,192.168.56.11,Admin1,,FAILED,401,"Mozilla/5.0 (Hydra)",/login,,,0,,
907a4b9a3f0225831733903a086f5531,"2026-05-10 13:03:13",AUTH,192.168.56.11,Admin1,,FAILED,401,"Mozilla/5.0 (Hydra)",/login,,,0,,
5c76635c5942048a1494dbfe28e47134,"2026-05-10 13:03:13",AUTH,192.168.56.11,Admin1,,FAILED,401,"Mozilla/5.0 (Hydra)",/login,,,0,,
14ff70ab6ef9db8a5c2888f5fa0270d1,"2026-05-10 13:03:13",AUTH,192.168.56.11,Admin1,,FAILED,401,"Mozilla/5.0 (Hydra)",/login,,,0,,
df13e9ff9bb168457afd90619edf5c13,"2026-05-10 13:03:13",AUTH,192.168.56.11,Admin1,,FAILED,401,"Mozilla/5.0 (Hydra)",/login,,,0,,
97ad16409b9c2566bca595ecfb0a2386,"2026-05-10 13:03:13",AUTH,192.168.56.11,Admin1,,FAILED,401,"Mozilla/5.0 (Hydra)",/login,,,0,,
3034eff72f42e40e92e27fdb5d6e4f04,"2026-05-10 13:03:13",AUTH,192.168.56.11,Admin1,,FAILED,401,"Mozilla/5.0 (Hydra)",/login,,,0,,
61876dc3c5bdaa66e67d49ca11ba644c,"2026-05-10 13:03:13",AUTH,192.168.56.11,Admin1,,FAILED,401,"Mozilla/5.0 (Hydra)",/login,,,0,,
5de585a25e0a8c42e6efde4b7082d622,"2026-05-10 13:03:13",AUTH,192.168.56.11,Admin1,,FAILED,401,"Mozilla/5.0 (Hydra)",/login,,,0,,
60c370cc598044acad16fd65ed7ed3f3,"2026-05-10 13:03:13",AUTH,192.168.56.11,Admin1,,FAILED,401,"Mozilla/5.0 (Hydra)",/login,,,0,,
4a1b0d8c411749304499895fc62d071c,"2026-05-10 13:03:13",AUTH,192.168.56.11,Admin1,,FAILED,401,"Mozilla/5.0 (Hydra)",/login,,,0,,
ecf5eaf708e9bd18a9d0e6f78e1f3d04,"2026-05-10 13:03:13",AUTH,192.168.56.11,Admin1,,FAILED,401,"Mozilla/5.0 (Hydra)",/login,,,0,,
44b5d2b7b6339494d834f761f720a3a2,"2026-05-10 13:03:13",AUTH,192.168.56.11,Admin1,,FAILED,401,"Mozilla/5.0 (Hydra)",/login,,,0,,
24dc539eeb1c573e49e7f22a7a831709,"2026-05-10 13:03:13",AUTH,192.168.56.11,Admin1,,FAILED,401,"Mozilla/5.0 (Hydra)",/login,,,0,,
56619f72a20414693d06068226007c78,"2026-05-10 13:03:13",AUTH,192.168.56.11,Admin1,,FAILED,401,"Mozilla/5.0 (Hydra)",/login,,,0,,
0ebc9f4dd40c4da4bd0854d14be6cf08,"2026-05-10 13:03:13",AUTH,192.168.56.11,Admin1234,,FAILED,401,"Mozilla/5.0 (Hydra)",/login,,,0,,
9a1fde74a321d6ee02a5181822b062cb,"2026-05-10 13:03:13",AUTH,192.168.56.11,Admin1234,,FAILED,401,"Mozilla/5.0 (Hydra)",/login,,,0,,
01e52d39bd96fe65014b6ec5cb3ee949,"2026-05-10 13:03:13",AUTH,192.168.56.11,Admin1234,,FAILED,401,"Mozilla/5.0 (Hydra)",/login,,,0,,
30b839edbbeb73cdf5513607e10010ab,"2026-05-10 13:03:13",AUTH,192.168.56.11,Admin1234,,FAILED,401,"Mozilla/5.0 (Hydra)",/login,,,0,,
a048401ce2874543adeaae469fc35f8d,"2026-05-10 13:03:13",AUTH,192.168.56.11,Admin1234,,FAILED,401,"Mozilla/5.0 (Hydra)",/login,,,0,,
75b59064007ee8a5e1703a6745de273b,"2026-05-10 13:03:13",AUTH,192.168.56.11,Admin1234,,FAILED,401,"Mozilla/5.0 (Hydra)",/login,,,0,,
62fb96bdfa3ef96782b391709f5f788c,"2026-05-10 13:03:13",AUTH,192.168.56.11,Admin1234,,FAILED,401,"Mozilla/5.0 (Hydra)",/login,,,0,,
e584b2b1f27543d10237925d759aa607,"2026-05-10 13:03:13",AUTH,192.168.56.11,Admin1234,,FAILED,401,"Mozilla/5.0 (Hydra)",/login,,,0,,
cc4ce39ff92f578de7f4604c2077c0a1,"2026-05-10 13:03:13",AUTH,192.168.56.11,Admin1234,,FAILED,401,"Mozilla/5.0 (Hydra)",/login,,,0,,
0fad0dc8f3f3a7802e7e7afaeea6a6ee,"2026-05-10 13:03:13",AUTH,192.168.56.11,Admin1234,,FAILED,401,"Mozilla/5.0 (Hydra)",/login,,,0,,
d2531baa0bae00cda144bf2293a7d187,"2026-05-10 13:03:13",AUTH,192.168.56.11,Admin1234,,FAILED,401,"Mozilla/5.0 (Hydra)",/login,,,0,,
ccdd93ea17ee32c6e19d0fc55b2eb135,"2026-05-10 13:03:13",AUTH,192.168.56.11,Admin1234,,FAILED,401,"Mozilla/5.0 (Hydra)",/login,,,0,,
c112f3330bd94d695d2586d18ef7f8c7,"2026-05-10 13:03:13",AUTH,192.168.56.11,Admin1234,,FAILED,401,"Mozilla/5.0 (Hydra)",/login,,,0,,
873cd6cda96433d74605a13c347ccf47,"2026-05-10 13:03:13",AUTH,192.168.56.11,Admin1234,,FAILED,401,"Mozilla/5.0 (Hydra)",/login,,,0,,
2d3ac60abfc256447ba7f085afd5d35d,"2026-05-10 13:03:13",AUTH,192.168.56.11,Admin1234,,FAILED,401,"Mozilla/5.0 (Hydra)",/login,,,0,,
6c425baed6eda3a767f8777551a3f9f1,"2026-05-10 13:03:13",AUTH,192.168.56.11,Admin1234,,FAILED,401,"Mozilla/5.0 (Hydra)",/login,,,0,,
27835b898adecf26415a451572a8707b,"2026-05-10 13:03:13",AUTH,192.168.56.11,Admin1234,,FAILED,401,"Mozilla/5.0 (Hydra)",/login,,,0,,
a1cc4d23c8c2d104265a039bab2e0103,"2026-05-10 13:03:13",AUTH,192.168.56.11,Admin1234,,FAILED,401,"Mozilla/5.0 (Hydra)",/login,,,0,,
cd47d3d650f1580e948584503a6e0d70,"2026-05-10 13:03:14",AUTH,192.168.56.11,Admin1234,,FAILED,401,"Mozilla/5.0 (Hydra)",/login,,,0,,
cdad69349037e890a68a140ac29ee90f,"2026-05-10 13:03:14",AUTH,192.168.56.11,Admin1234,,FAILED,401,"Mozilla/5.0 (Hydra)",/login,,,0,,
06ac2eda4a85129c79646ad97084f4ce,"2026-05-10 13:03:14",AUTH,192.168.56.11,Admin1234,,FAILED,401,"Mozilla/5.0 (Hydra)",/login,,,0,,
d591bc756500a62b13afa6cd31749815,"2026-05-10 13:03:14",AUTH,192.168.56.11,Admin1234,,FAILED,401,"Mozilla/5.0 (Hydra)",/login,,,0,,
e1ca085cc1c6aadb7d701489a7249cca,"2026-05-10 13:03:14",AUTH,192.168.56.11,Admin1234,,FAILED,401,"Mozilla/5.0 (Hydra)",/login,,,0,,
fa9939862108779bbd042e8a5f866c1e,"2026-05-10 13:03:14",AUTH,192.168.56.11,Admin1234,,FAILED,401,"Mozilla/5.0 (Hydra)",/login,,,0,,
a74fec05060e58766fa94a08ba3508a8,"2026-05-10 13:03:14",AUTH,192.168.56.11,Admin1234,,FAILED,401,"Mozilla/5.0 (Hydra)",/login,,,0,,
3ddc16127691116b778c12b7e6346669,"2026-05-10 13:03:14",AUTH,192.168.56.11,Admin1234,,FAILED,401,"Mozilla/5.0 (Hydra)",/login,,,0,,
41021cf253beaa2527efc8854f6129f0,"2026-05-10 13:03:24",AUTH,192.168.56.11,student,7143e6eae75b55877e252010055812f6,SUCCESS,200,"Mozilla/5.0 (X11; Linux x86_64; rv:140.0) Gecko/20100101 Firefox/140.0",/login,,,0,,
c95c103cfbc8828086a7634ebc1a149b,"2026-05-10 13:04:28",UPLOAD,192.168.56.11,student,7143e6eae75b55877e252010055812f6,SUCCESS,200,"Mozilla/5.0 (X11; Linux x86_64; rv:140.0) Gecko/20100101 Firefox/140.0",/upload,shell.php,php,2587,text/x-php,e0f4f59e7a1cbdcf113227cdc858430da5d1aa4a7f4f8dd370cc10867c970303
